Residue,RMSF (Å)
1,1.4357232
2,0.9192936
3,1.0765544
4,1.3776551
5,1.036314
6,0.8508179
7,1.0284629
8,1.1012535
9,1.0949786
10,0.9599586
11,1.2173066
12,1.5509385
13,0.99081236
14,0.8633046
15,0.7453116
16,0.6681863
17,0.7075491
18,0.58807933
19,0.5117032
20,0.611304
21,0.7502973
22,0.70744884
23,0.8237008
24,0.81045926
25,0.6046061
26,0.81650406
27,0.6798174
28,0.58038014
29,0.5994825
30,0.61627525
31,0.5337072
32,0.47446963
33,0.5315915
34,0.577835
35,0.79103696
36,0.90008974
37,0.9856683
38,0.7598214
39,0.7790231
40,0.7103496
41,0.7679178
42,0.62061393
43,0.5922968
44,0.6376519
45,0.91981965
46,0.83095413
47,0.66696155
48,0.46765813
49,0.5333503
50,0.43688482
51,0.5054436
52,0.38218862
53,0.34249663
54,0.3228327
55,0.4335197
56,0.6128899
57,0.4899064
58,0.59317315
59,0.6516397
60,0.62882215
61,0.7261398
62,0.5882568
63,0.41257074
64,0.57700324
65,0.51630306
66,0.47440138
67,0.5305493
68,0.63199294
69,0.5306705
70,0.66507584
71,0.7309469
72,0.6626002
73,0.92749214
74,1.0840505
75,0.95193595
76,0.7203685
77,0.7323796
78,0.9528087
79,1.2052637
80,0.9699502
81,0.64546144
82,0.83018434
83,0.7340558
84,0.566933
85,0.47692296
86,0.5490424
87,0.6071714
88,0.6428587
89,0.69045925
90,0.8461239
91,0.76051533
92,0.7682859
93,0.650122
94,0.765108
95,0.608765
96,0.54075444
97,0.64033675
98,0.6712773
99,0.54569113
100,0.5897352
101,0.82439655
102,0.56072825
103,0.8377193
104,0.829592
105,1.0213139
106,0.9402382
107,0.92668796
108,0.9050134
109,0.99478847
110,1.0174617
111,1.1062795
112,0.9060657
113,0.89417547
114,0.86185056
115,0.63180035
116,0.61894435
117,0.7372081
118,0.766453
119,0.53568965
120,0.57640105
121,0.62685096
122,0.68883157
123,0.719953
124,0.65294975
125,0.5773769
126,0.5614672
127,0.5740334
128,0.6125394
129,0.46614122
130,0.522704
131,0.6136342
132,0.56391984
133,0.7632157
134,0.9769559
135,0.96546423
136,1.3812257
